{
  "final_results": {
    "training_time_hours": 1.197246070239279,
    "best_val_accuracy": 76.72558922558923,
    "improvement_over_baseline": 11.725589225589232,
    "total_epochs_trained": 82,
    "early_stopping_triggered": true,
    "final_epoch": 81,
    "training_history": {
      "train_losses": [
        3.5200131281608957,
        3.148516940429072,
        2.6592094663012724,
        2.3293847358814803,
        2.116896645905191,
        1.9478069784395364,
        1.8490183428263984,
        1.763450476620764,
        1.7103070068787032,
        1.665135913365625,
        1.604792100164388,
        1.5465004727444842,
        1.4725863866741882,
        1.450333581377038,
        1.3886541783007806,
        1.3640925916321074,
        1.3281200747318866,
        1.2676302630270544,
        1.250585770927737,
        1.2213476308258124,
        1.1793187626808748,
        1.1710607428187212,
        1.1287539261873527,
        1.115331088480928,
        1.097338785505081,
        1.0545078326233834,
        1.0606721121099498,
        1.0232487235368635,
        0.9928087487883632,
        0.9653154063652449,
        0.9522930258058112,
        0.9158072672082704,
        0.9036353944128405,
        0.8692655159753534,
        0.8624438132940386,
        0.8477232253070369,
        0.8189385169824677,
        0.8213732328115557,
        0.8030777512109868,
        0.7833254231733057,
        0.7661103602214779,
        0.7506913274125668,
        0.7354972716671468,
        0.7231560336100147,
        0.7168490511152242,
        0.6988638131607808,
        0.682118225926241,
        0.670440075643394,
        0.6692438300682291,
        0.6529014880347145,
        0.6648411851025483,
        0.6453931725880491,
        0.6507238021345951,
        0.6440103019299529,
        0.6338749700330298,
        0.6221221916611419,
        0.6218679010066216,
        0.6346574138365519,
        0.6280142905466225,
        0.9434892890699241,
        1.008728099778094,
        0.9801974221729911,
        0.9856426090402988,
        0.9639998022216318,
        0.9523509492254043,
        0.9658340950717841,
        0.9302658858320638,
        0.9267486061215935,
        0.9191005769866465,
        0.9208698785893051,
        0.8859363727505432,
        0.8773792803020221,
        0.8774476358708779,
        0.8802168350583235,
        0.846964163897818,
        0.8553736888774307,
        0.8480939883822283,
        0.8218943310959992,
        0.8437969796860699,
        0.831769315383894,
        0.7970247517252183,
        0.8069975333363486
      ],
      "train_accuracies": [
        4.821979254275301,
        9.657975890103728,
        20.577516119988786,
        30.403700588730025,
        37.48247827305859,
        43.566021867115225,
        47.43481917577797,
        50.953181945612556,
        52.84552845528455,
        54.54163162321279,
        56.81244743481918,
        58.87300252312868,
        61.25595738716008,
        62.026913372582,
        64.21362489486964,
        65.19484160358844,
        66.65264928511354,
        69.4421082141856,
        70.03083823941688,
        70.29716848892627,
        72.58200168208579,
        72.32968881412953,
        73.89963554807962,
        74.10989627137651,
        75.03504345388282,
        76.71712924025792,
        76.71712924025792,
        77.41799831791421,
        78.59545836837678,
        79.36641435379872,
        79.61872722175498,
        81.32884777123633,
        81.87552565180825,
        83.02495093916457,
        83.1511073731427,
        83.59966358284272,
        84.38463694981778,
        84.16035884496776,
        84.91729744883656,
        85.50602747406785,
        85.9125315391085,
        86.90776562938044,
        87.20213064199608,
        87.51051303616484,
        88.00112139052425,
        88.60386879730866,
        89.2206335856462,
        89.30473787496496,
        89.7112419400056,
        89.977572189515,
        89.83739837398375,
        90.53826745164004,
        90.11774600504626,
        90.48219792542753,
        90.56630221474629,
        90.91673675357443,
        91.15503223997757,
        90.8466498458088,
        90.90271937202131,
        80.34763106251752,
        78.23100644799551,
        78.58144098682367,
        78.6515278945893,
        79.04401457807681,
        79.98317914213625,
        79.29632744603308,
        80.72610036445192,
        80.83823941687693,
        80.5578917858144,
        81.16063919259882,
        82.11382113821138,
        82.26801233529577,
        82.08578637510513,
        82.36613400616764,
        83.37538547799271,
        83.0950378469302,
        83.24922904401458,
        84.38463694981778,
        83.55761143818334,
        83.73983739837398,
        85.1555929352397,
        84.95934959349593
      ],
      "val_losses": [
        4.88051228205363,
        3.023103888829549,
        2.436693631807963,
        2.36359570980072,
        2.097032470703125,
        1.9955411593119303,
        1.9141055059432983,
        1.8955337238311767,
        1.880836238861084,
        1.8272904523213704,
        1.5351405874888102,
        1.439967549641927,
        1.5852085479100546,
        1.4169553454717,
        1.6290612125396728,
        1.3754670381546021,
        1.4003877321879068,
        1.5642983357111613,
        1.5310289653142293,
        1.4165233159065247,
        1.506759905020396,
        1.1998910721143086,
        1.4104286861419677,
        1.3333324066797891,
        1.3365757592519125,
        1.3320663332939149,
        1.3737949268023173,
        1.2176205039024353,
        1.2073349690437316,
        1.1479661575953166,
        1.2343634796142577,
        1.2871101093292237,
        1.180044572353363,
        1.2492841291427612,
        1.2400431180000304,
        1.340523989200592,
        1.2119806758562723,
        1.178280033270518,
        1.2061356361707052,
        1.2345405904452007,
        1.1738639012972514,
        1.2691658759117126,
        1.2418562014897665,
        1.2244224898020426,
        1.1379682723681133,
        1.1962826601664225,
        1.1457790422439575,
        1.14569753408432,
        1.2225888657569886,
        1.2456342720985412,
        1.1910369980335236,
        1.272743943532308,
        1.334640760421753,
        1.2388470951716106,
        1.2754229442278544,
        1.1496522768338522,
        1.1882191022237143,
        1.2276595799128214,
        1.1732600688934327,
        1.3811673212051392,
        1.3019066802660624,
        1.3113528116544089,
        1.4283809884389242,
        1.2784996438026428,
        1.2293907006581624,
        1.2495377564430237,
        1.3062452212969462,
        1.3310369237263997,
        1.358064603805542,
        1.3001012444496154,
        1.2184890691439312,
        1.4013434028625489,
        1.2464010079701742,
        1.2647950394948324,
        1.4048478984832764,
        1.342628574371338,
        1.4567556691169739,
        1.3309371240933736,
        1.383689136505127,
        1.315091416835785,
        1.2164482967058818,
        1.2361147395769756
      ],