{
  "final_results": {
    "training_time_hours": 0.0028536013762156167,
    "best_val_accuracy": 6.0,
    "improvement_over_baseline": -59.0,
    "total_epochs_trained": 10,
    "early_stopping_triggered": false,
    "final_epoch": 9,
    "training_history": {
      "train_losses": [
        3.7819161415100098,
        3.748245596885681,
        3.7162610292434692,
        3.718388319015503,
        3.7117534279823303,
        3.5962995886802673,
        3.7029340267181396,
        3.59502512216568,
        3.666974365711212,
        3.721331775188446
      ],
      "train_accuracies": [
        5.0,
        6.0,
        1.0,
        0.0,
        1.0,
        2.0,
        7.0,
        6.0,
        4.0,
        3.0
      ],
      "val_losses": [
        3.442673623561859,
        3.4658735394477844,
        3.7980918288230896,
        4.249011874198914,
        4.908933520317078,
        5.200964450836182,
        5.549862623214722,
        4.380728185176849,
        5.918673992156982,
        6.366407632827759
      ],
      "val_accuracies": [
        5.0,
        5.0,
        5.0,
        5.0,
        5.0,
        5.0,
        5.0,
        6.0,
        5.0,
        5.0
      ]
    }
  }
}